rnbqkbnr/p2pp1pp/8/1pp2p2/8/P1N4P/1PPPPPP1/R1BQKBNR[] w KQkq - 0 4|r1bqkb1r/pppp1ppp/2n2n2/4p3/2P2P2/5N1P/PP1PP1P1/RNBQKB1R[] b KQkq - 0 4	w	0
r1bqkb1r/pppp1pp1/2n2n1p/4p1N1/2B1P3/8/PPPP1PPP/RNBQK2R[] b KQkq - 1 5|r1bqkbnr/1pppp2p/n5p1/p4p2/3P1B2/5N2/PPP1PPPP/RN1QKB1R[] w KQkq - 2 5	b	0
r1bqkb1r/pppppppp/2n5/8/6nP/4P3/PPPP1PP1/RNB1KBNR[] w KQkq - 0 4|rnbqkbnr/p1p1pppp/1p6/3p4/5B2/3P1N2/PPP1PPPP/RN1QKB1R[Q] b KQkq - 1 3	w	1
r1bqkb1r/pppp1ppp/4pn2/4n3/3P4/2N5/PPP2PPP/R1BQKBNR[] w KQkq - 0 5|rnb1kb1r/ppp1qppp/3p1n2/4p3/8/BPPP4/P2NPPPP/R2QKBNR[P] b KQkq - 3 5	w	0
r1bqkb1r/ppp1pppp/3pPn2/3P4/Pn6/2N5/1PP1PPPP/R1BQKBNR[Qp] b KQkq - 0 5|r1bqkbnr/ppp2ppp/8/3p2N1/3nP3/8/PPP2PPP/RNB1KB1R[] w KQkq - 0 6	b	1
r1bqk1nr/ppp2ppp/2n5/2bNP3/8/8/PPP1PPPP/R1BQKBNR[N] w KQkq - 1 5|r2qkbnr/ppp2ppp/2n5/3pp3/8/P4PPb/1PPPP2P/RNBQKBR1[pp] b Qkq - 0 5	w	0
r1b1kbnr/pppp1ppp/4p3/6q1/1n2N3/P6P/1PPPPPP1/R1BQKBNR[] w KQkq - 5 5|r1bqkb1r/pppp1ppp/2n4n/4p3/3PP3/5P2/PPP3PP/RNBQKBNR[] b KQkq - 0 4	w	0
r1bqkbnr/pp2p1p1/2n2p1p/2PQ4/8/2N1P3/PPP2PPP/R1B1KBNR[p] w KQkq - 0 6|r1bqk2r/pppp1Bpp/2n2n2/2b1p3/4P3/2N2N2/PPPP1PPP/R1BQK2R[pp] b KQkq - 0 5	w	0
r1bqkb1r/pppppppp/7n/8/1nPP4/6PP/PPQ1PP2/RNB1KBNR[P] b KQkq - 0 5|rnb1kbnr/p1p1ppp1/1p6/3q3p/8/6PP/PP1PPP2/RNBQKBNR[p] w KQkq - 0 5	b	0
rnbqkbnr/p1pppppp/1p6/8/8/4P3/PPPP1PPP/RNBQKBNR[] w KQkq - 0 2|rnbqkb1r/pppppppp/5n2/8/4P1Q1/8/PPPP1PPP/RNB1KBNR[] b KQkq - 2 2	w	0
r1bqkb1r/pppppppp/2n4n/8/7P/4P3/PPPPBPP1/RNB1K1NR[] w KQkq - 2 5|rn1qkbnr/p1p1pppp/1p2b3/3pN3/5B2/3P4/PPP1PPPP/RN1QKB1R[Q] b KQkq - 3 4	w	1
r1bqkbnr/pppp1ppp/8/4n3/4P3/5Q2/PPPP1PPP/RNB1KB1R[] b KQkq - 1 4|r1bqkb1r/1ppppppp/2n2n2/p7/3P4/2N1P3/PPP2PPP/R1BQKBNR[Np] w KQkq - 1 4	b	0
r1bqk2r/ppppbppp/2n5/4p2n/4P2P/2N5/PPPP1PPR/R1B1KBN1[] w Qkq - 0 6|rnbqk2r/ppp1bppp/3p1n2/4p3/2B1P2N/2N5/PPPP1PPP/R1BQK2R[Q] b KQkq - 3 5	w	1
rn1qkbnr/ppp2p1p/4p3/3p1bp1/3P4/2N3P1/PPPBPP1P/R2QKBNR[] b KQkq - 1 5|rnbqkbnr/ppp5/3p1pp1/3Pp2p/2B1P3/2N5/PPP2PPP/R1BQK1NR[] w KQkq e6 0 6	b	0
rnbqkbnr/1p3ppp/p2pp3/2p5/3P4/6PP/PPP1PPB1/RNBQK1NR[Q] w KQkq - 0 5|rnbqkb1r/ppp1pppp/8/3p4/4P1n1/2N2N2/PPPP1PPP/R1B1KB1R[] b KQkq - 1 4	w	0
rnbqkbn1/pp1pppp1/7r/7p/P2p4/2N1B3/1PP1PPPP/R2QKBNR[] w KQq - 0 5|r1bqk2r/pppp1ppp/2n1pn1B/8/1b1P4/1PN2N2/P1P1PPPP/R2QKB1R[P] b KQkq - 6 5	w	0
r1bqkbnr/1ppp1ppp/p1n5/4P3/8/2N5/PPP1PPPP/R1BQKBNR[] w KQkq - 0 4|rnbqkbnr/ppppp2p/5pp1/7Q/4P3/8/PPPP1PPP/RNB1KBNR[p] b KQkq - 1 3	w	0
rnbqkbnr/p1pp1ppp/1p6/4p3/3P1B2/8/PPPNPPPP/R2QKBNR[] b KQkq - 1 3|rnbqkbnr/pppp1ppp/8/8/4p3/3P1N2/PPP1PPPP/RNBQKB1R[] w KQkq - 0 3	b	0
rnbqkb1r/1pppppp1/5n1p/8/1p4P1/3P1P2/P1P1P1BP/RNBQK1NR[] b KQkq - 1 5|rnbqk1nr/1pppppb1/p5pp/4N3/2B1P3/8/PPPP1PPP/RNBQK2R[P] w KQkq - 0 5	b	0
rnbqkbnr/1p3ppp/p3p3/2p5/8/6PP/PPP1PPB1/RNBQK1NR[QPp] w KQkq - 0 6|rnbqkb1r/ppp1pppp/8/8/4N1n1/5N2/PPPP1PPP/R1B1KB1R[Pp] b KQkq - 0 5	w	0
r1bqk1nr/pppp1ppp/2n5/4p3/8/2bPPN2/PPPB1PPP/R2QKB1R[P] w KQkq - 0 6|r1bqkb1r/ppp1pppp/2n5/1B1p4/4nP2/2P2N2/PP1P2PP/RNBQK2R[N] b KQkq - 1 5	w	0
r1bqkbnr/pppp2pp/2n1p3/5p2/P1P5/1P6/1B1PPPPP/RN1QKBNR[p] b KQkq - 0 4|rnbq1bnr/pppppk1p/8/5pN1/8/NP6/PBPPPPPP/R2QKB1R[] b KQ - 0 5	w	1
r1bqk1nr/pppp1ppp/2Qbp3/8/2Pn2P1/7N/PP1PPP1P/RNB1KB1R[] b KQkq - 6 5|r1bqkbnr/1ppn2pp/p2ppp2/8/3PP3/2P3PP/PP3P2/RNBQKBNR[] w KQkq - 0 6	b	0
r1bqkbnr/ppp2ppp/2n5/3p4/4p1QP/4PN2/PPPP1PP1/RNB1KB1R[NPnp] b KQkq - 1 5|rnb1kb1r/ppp1pppp/8/3q4/8/8/PPPP1PPP/R1BQKBNR[] w KQkq - 0 5	b	0
r2qkbnr/ppp2ppp/2n5/3p4/4p1bP/4PN2/PPPP1PP1/RNB1KB1R[NPnp] w KQkq - 0 6|rnb1kb1r/ppp1pppp/8/3q4/8/5N2/PPPP1PPP/R1BQKB1R[Q] b KQkq - 1 5	w	1
r1bqkbnr/pppp2pp/2n1p3/5p2/P1P5/1P6/1B1PPPPP/RN1QKBNR[] b KQkq - 0 4|rnbq1bnr/pppppk1p/8/5pp1/8/NP3N2/PBPPPPPP/R2QKB1R[] w KQ - 0 5	b	0
rn1qkbnr/pppb1ppp/8/1B1p4/5p2/4PP2/PPPP2PP/RNBQK1NR[p] b KQkq - 0 5|r1b1kbnr/ppp1pppp/2n1q3/8/4P3/2N5/PPPP1PPP/R1BQKBNR[] w KQkq - 1 5	b	0
r1bqkbnr/1ppp1ppp/p1n5/4P3/8/2N2N2/PPP1PPPP/R1BQKB1R[Q] b KQkq - 1 4|rnbqkbnr/ppppp2p/5p2/7p/4P3/8/PPPP1PPP/RNB1KBNR[p] w KQkq - 0 4	b	1
rnbqk1nr/pp1ppp1p/7b/2p3p1/P2P4/5N2/1PP1PPPP/RNBQKB1R[] w KQkq - 2 4|r1bqkbnr/ppp1pppp/2n5/3p4/7P/5PP1/PPPPP3/RNBQKBNR[] b KQkq - 0 3	w	0
rn1qkb1r/ppp1pppp/5n2/3p3Q/P7/4P3/1PPP1PPP/RNB1KBNR[] b KQkq - 2 4|rnbqkbnr/pppp1ppp/4p3/8/3PP3/2N5/PPP2PPP/R1BQKBNR[b] w KQkq - 3 4	b	0
rnbqkbnr/p1p1pppp/8/1p1pN3/3P4/2N5/PPP1PPPP/R1BQKB1R[] w KQkq - 4 5|rnbqkb1r/1pp2ppp/4pn2/p2p4/P1PP4/5NP1/1P2PP1P/RNBQKB1R[] b KQkq - 0 5	w	0
r1bqkbnr/1pp2ppp/p1n5/3pP3/8/2N2N2/PPP1PPPP/R1BQKB1R[Q] w KQkq d6 0 5|rnbqkbnr/ppppp2p/5p2/7p/4P3/8/PPPPNPPP/RNB1KB1R[p] b KQkq - 1 4	w	0
r1bqkbnr/pppp2pp/2n1p3/5p2/P1P5/1P6/1B1PPPPP/RN1QKBNR[p] b KQkq - 0 4|rnbq1bnr/ppppp2p/6k1/5pN1/8/NP6/PBPPPPPP/R2QKB1R[] w KQ - 1 6	b	0
rnbqkb1r/ppp1pppp/5n2/8/2p1P3/P7/1PQP1PPP/RNB1KBNR[P] b KQkq - 1 4|r1bqkbnr/pppp1p1p/4p1p1/8/3nP3/2N3P1/PPP2P1P/R1BQKBNR[P] w KQkq - 0 5	b	0
r1bqkbr1/p1pppppp/np3n2/8/3PP3/2N2N2/PPP2PPP/R1BQKB1R[P] w KQq - 1 5|rn1qkbnr/ppp1pppp/8/8/4p1b1/2N5/PPPP1PPP/R1BQKBNR[] b kq - 3 4	w	0
rnbqkb2/pppppppr/5nP1/7p/3P4/2P5/PP2PPPP/RNBQKBNR[] w KQq - 1 4|rnbqkb1r/ppp2ppp/8/3pp3/3Pn3/2N2PP1/PPP4P/R1BQKBNR[] b KQkq - 0 5	w	0
r1bqkb1r/pppp1ppp/2n1pn2/8/3P4/2N1P3/PPPQ1PPP/R1B1KBNR[p] b KQkq - 0 4|r1bqkbnr/p2pppp1/n1p5/1P5p/3P4/4B3/1PP1PPPP/RN1QKBNR[] w KQkq - 2 5	b	0
rnb1k1nr/ppNpqp1p/6p1/4p3/1bB5/4P3/PPPP1PPP/R1BQK1NR[] b KQkq - 0 5|rnbq1bnr/ppp1kppp/3p4/4p1P1/7P/8/PPPPPP2/RNBQKBNR[p] w KQ - 1 4	b	1
rnbqk1nr/ppp1bppp/4p3/8/4p3/1PN4P/P1PPBPP1/R1BQK1NR[Pbp] b KQkq - 0 5|rn1qkb1r/p1p1pppp/1p6/3n2B1/3P4/7N/PPP2PPP/RN1QKB1R[P] w KQkq - 0 6	b	0
r1bqkb1r/ppp1pppp/2P4n/8/3p4/2N2N2/PPPPPPPP/R1BQKB1R[] w KQkq - 1 5|rnbqkbr1/ppp1pppp/5n2/8/1P2p3/B6N/P1PPBPPP/RN1QK2R[n] b KQq - 5 5	w	0
r1bqkb1r/ppp2ppp/2n2n2/3pp3/8/2NPP2N/PPPK1PPP/R1BQ1B1R[Pp] b kq - 0 5|rnb1kbnr/ppp1pppp/8/1N6/3q4/8/PPPP1PPP/R1BQKBNR[] b KQkq - 3 4	b	0
r1bq1rk1/ppPp1ppp/2n2n2/4p3/1b6/2N5/PPP1PPPP/R1BQKBNR[] w KQ - 1 6|r1bqkbnr/ppp2ppp/2n5/3pp1P1/5P2/7P/PPPPP3/RNBQKBNR[p] b KQkq - 0 4	w	0
rnbqkbnr/pp1ppppp/8/2p5/3P1B2/2N5/PPP1PPPP/R2QKBNR[] w KQkq - 0 4|rnbqkbnr/1pp1pp1p/3p2p1/p7/5P1P/4P3/PPPP2P1/RNBQKBNR[] b KQkq - 0 4	w	0
r1bqkb1r/pppppppp/7n/8/2PP4/6PP/PPn1PP2/RNB1KBNR[P] w KQkq - 0 6|rnb1kbnr/p1p1ppp1/1p6/3q3p/8/6PP/PP1PPP2/RNBQKBNR[Qp] w KQkq - 0 5	w	1
r1bqkbnr/ppp1pppp/3B2n1/3p4/3P4/8/PPP1PPPP/RN1QKB1R[] b KQkq - 3 5|r2qkb1r/ppp1pppp/5n2/3p2B1/1n1P2bP/2N2N2/PPP1PPP1/R2QKB1R[N] w KQkq - 2 6	b	0
rnbqkb1r/p1pppp2/1p3Pp1/7p/3P4/2N5/PPP2PPP/R1BQKBNR[] b KQkq - 0 5|rnbqkb1r/ppp2ppp/8/3pp3/1P2n1P1/7P/P1PPPPBR/RNBQK1N1[n] b Qkq - 1 5	b	1
r1bqkb1r/pppp1ppp/B4n2/4n3/4P3/5Q2/PPPP1PPP/RNB1K2R[] b KQkq - 3 5|r1bqkb1r/2pppppp/1pn2n2/pN6/3P4/4P3/PPP2PPP/R1BQKBNR[Np] w KQkq - 0 5	b	0
rnbqkb1r/ppp1pppp/5n2/3p4/3P4/2N5/PPP1PPPP/R1BQKBNR[] w KQkq - 2 3|rn1qkbnr/1pp1pppp/p7/3p1b2/3PP3/2N5/PPP2PPP/R1BQKBNR[] w KQkq - 1 4	b	0
rnbqk2r/ppppppbp/6p1/3P4/3P1B2/5N2/PPP2PPP/RN1QKB1R[] b KQkq - 2 5|rn1qkb1r/ppp2ppp/4pn2/3p4/3P2bP/N6N/PPP1PPP1/R1BQKB1R[n] w KQkq - 0 5	b	1
rnb1k1nr/pppp1ppp/8/4PP2/1b6/2N5/PPP2PPP/R1BQKBNR[] b KQkq - 0 5|r1bqkb1r/ppp2ppp/2n1pn2/3p4/P2P4/6R1/1PP1PPPP/1NBQKBNR[qp] w Kkq - 2 5	b	1
r1bqkb1r/ppp1pppp/2n5/3p4/3Pn2P/2N2N2/PPP2PP1/R1BQKB1R[] b KQkq - 0 5|rnbqkbnr/1pp1ppp1/7p/p2pN3/3P4/2P5/PP2PPPP/RNBQKB1R[P] w KQkq - 0 5	b	0
r1bqkbnr/pppppppp/2n5/8/8/2P5/PP1PPPPP/RNBQKBNR[] w KQkq - 1 2|rnbqkbnr/ppp1pppp/8/3p4/4P1Q1/8/PPPP1PPP/RNB1KBNR[] b KQkq - 1 2	w	0
r1bqkbnr/pppppppp/8/4P3/3n2P1/8/PPP2PPP/RNBQKBNR[P] w KQkq - 1 5|rnbqkb1r/pppppppp/8/8/3P4/8/PPP1Pn1P/RNBQKBNR[P] b KQkq - 1 4	w	0
r1b2bnr/ppp1pkpp/2n5/3p4/3P1q2/8/PPP1PPPP/RN1QKB1R[n] w KQ - 0 6|rnbqkb1r/1ppp1ppp/p3p3/3P3Q/2B1P3/8/PPP2PPP/RNB1K1NR[BNp] b KQkq - 0 5	w	1
r1b1kbnr/ppp1pNpp/2n5/3p4/3P1q2/8/PPP1PPPP/RN1QKB1R[] b KQkq - 0 5|rnbqkb1r/1ppp1ppp/p3p3/3P3n/2B1P3/8/PPP2PPP/RNBQK1NR[Bp] w KQkq - 3 5	b	0
r1bqk2r/ppppbppp/2n2n2/4p2Q/4P2P/2N5/PPPP1PPR/R1B1KBN1[] b Qkq - 6 5|rnbqk2r/ppp1bppp/3p1n2/4p3/2B1P3/2N2N2/PPPP1PPP/R1BQK2R[] w KQkq - 2 5	b	0
r2qkb1r/ppp1pppp/2np1n2/5b2/8/4P1PP/PPPP1P1R/RNBQKBN1[pp] w Qkq - 3 5|r1bqkbnr/p2npppp/2B5/3P4/2p5/2N5/PPPP1PPP/R1BQK1NR[] w KQkq - 0 6	b	0
r1bqkbnr/ppp1p1pp/n4p2/8/3Pp3/3B4/PPP2PPP/RNBQK1NR[] b KQkq - 1 5|rn2kbnr/ppp1pppp/8/3p4/1q3Nb1/2P3P1/PP1PPP1P/RNBQKB1R[P] w KQkq - 1 5	b	0
rnbqkbnr/1ppp2pp/p7/4Pp2/7P/6P1/PPP1PPB1/RNBQK1NR[P] b KQkq - 0 5|r1bqkb1r/ppp1pppp/2n2n2/1B6/4pP2/2P5/PP1P2PP/RNBQK1NR[p] w KQkq - 2 5	b	1
r1bqkb1r/pppppppp/2n4n/8/7P/4PN2/PPPPBPP1/RNB1K2R[] b KQkq - 3 5|rn1qkb1r/p1p1pppp/1p2bn2/3pN3/5B2/3P4/PPP1PPPP/RN1QKB1R[Q] w KQkq - 4 5	b	0
rnbqkb1r/pppppppp/8/8/3PP3/5N2/PPP2nPP/RNBQKB1R[Bp] w KQkq - 0 4|rnbq3r/pppp1kpp/5n2/2b1p3/4P1P1/5P2/PPPP2PP/RNBQK1NR[] b KQ - 0 5	w	0
r1bqkb1r/pppppppp/2n4n/8/6QP/4P3/PPPP1PP1/RNB1KBNR[] b KQkq - 2 3|rnbqkbnr/p1p1pppp/1p6/3p4/8/3P1N2/PPP1PPPP/RNBQKB1R[] w KQkq - 0 3	b	0
rnbqkb1r/ppp1pppp/8/3p4/8/2P2N2/P1PPQPPP/R1B1KB1R[p] b KQkq - 0 5|r1bqkbnr/p1p1nppp/3p4/1p2P3/8/2N1PN2/PPP2PPP/R1BQKB1R[NPn] w KQkq - 0 6	b	0
rn1qkbnr/ppp1pppp/8/3p1b2/1PP5/2N2N2/P1pPPPPP/R1BQKB1R[Bbp] b KQkq - 0 4|r2qkb1r/pppnnppp/4P3/8/8/8/PPPP1PPP/RNBQK1NR[] w KQkq - 1 6	b	0
r1bqkb1r/1ppppppp/p1n4n/8/7P/4PN2/PPPPBPP1/RNB1K2R[] w KQkq - 0 6|rn1qkb1r/p1p1pppp/1p2bn2/3pN3/1P3B2/3P4/P1P1PPPP/RN1QKB1R[Q] b KQkq - 0 5	w	1
r1bqkb1r/pppp1ppp/2n2n2/4p1N1/4P3/8/PPPP1PPP/RNBQKB1R[] b KQkq - 2 4|rnbqkbnr/1pppp2p/6pB/p4p2/3P4/5N2/PPP1PPPP/RN1QKB1R[] w KQkq - 0 4	b	0
r1bqkb1r/pppppppp/2n5/8/6nP/4P3/PPPPBPP1/RNB1K1NR[] b KQkq - 1 4|rn1qkbnr/p1p1pppp/1p2b3/3p4/5B2/3P1N2/PPP1PPPP/RN1QKB1R[Q] w KQkq - 2 4	b	0
rnbqkbnr/pppp2p1/4p3/7p/4P3/2N2N2/PPP2PPP/R1BQKB1R[B] b KQkq - 1 5|rnbqk1nr/ppp1ppbp/6p1/1N6/2p1p3/4P3/PPPP1PPP/R1BQK1NR[P] w KQkq - 0 6	b	1
r1b1kbnr/pppp1ppp/2n5/6q1/2Q1P3/8/PPP2PPP/RNB1KBNR[] w KQkq - 3 5|r1bqkb1r/ppp1pppp/5n2/1P1pN3/1n1P4/2N5/PPP1PPPP/R1BQKB1R[p] b KQkq - 2 5	w	0
rnbqkbnr/1ppp1pp1/1p6/4p2p/7P/1P6/P1PPPPP1/R1BQKBNR[] b KQkq - 0 5|rn1qkbnr/ppp2p1p/B3p3/3p1bp1/P2PP3/8/1PP2PPP/RNBQK1NR[N] w KQkq - 0 5	b	0
r1bqk1nr/pppp1p1p/2n3p1/2b1p3/N3P3/5N2/PPPP1PPP/R1BQKB1R[] w KQkq - 0 5|r1bqkb1r/ppp1pp1p/2n2np1/3p4/3P4/P3P2P/1PP1NPP1/RNBQKB1R[] b KQkq - 0 5	w	0
r1bqkbnr/pppp1ppp/8/8/3n4/2PQ4/PP2PPPP/RNB1KB1R[] b KQkq - 0 5|rn1qkb1r/pp2ppp1/2p1b1Pn/3pN2p/3P4/2N5/PPP1PPPP/R1BQKB1R[Np] w KQkq - 0 6	b	0
rnbqkbnr/1p3ppp/p2pp3/2P5/8/6PP/PPP1PPB1/RNBQK1NR[QP] b KQkq - 0 5|rnbqkb1r/ppp1pppp/8/8/4p1n1/2N2N2/PPPP1PPP/R1B1KB1R[p] w KQkq - 0 5	b	1
rn1qkbnr/ppp2ppp/8/4pP2/2Bp4/2N5/PPPP1PPP/R1BQK1NR[] w KQkq e6 0 5|r2qkbnr/ppp2ppp/2n1p3/3p1b2/3PP3/2N2P1P/PPP3P1/R1BQKBNR[b] b KQkq - 0 5	w	0
r1bqkb1r/1ppp1ppp/p1n2n2/4p3/7P/P1N5/1PPPPPPN/R1BQKB1R[bp] b KQkq - 3 5|rnb1k1nr/pppp1ppp/2q5/4P3/3Q4/N4N2/PPP1PPPP/R1B1KB1R[] w KQkq - 3 6	b	0
rnbqk1nr/pp1p1p1p/4p2b/2p3p1/P2P4/5N1P/1PP1PPP1/RNBQKB1R[] w KQkq - 0 5|r1bqkbnr/ppp2ppp/2n5/3pp3/7P/4PPP1/PPPP4/RNBQKBNR[] b KQkq - 0 4	w	0
rn1qkbnr/1pp1pppp/pQ6/3p4/4P3/2P4b/PP1P1PPP/RNB1KBNR[] b KQkq - 3 4|rnb1kbnr/ppp2ppp/3p4/1N2p1q1/P7/8/1PPPPPPP/R1BQKBNR[] w KQkq - 2 4	b	0
r2qkbnr/ppp1pp2/2n3p1/3P1P1p/8/5N2/PP1P1PPP/RNBQKB1R[] w KQkq - 1 6|rnbqkb1r/ppp2ppp/4pn2/3p2N1/8/6P1/PPPPPP1P/RNBQKBR1[bp] b Qkq - 1 4	w	0
rnbqkb1r/pppppp1p/6p1/3n4/3PP3/5N2/PPP2PPP/RNBQKB1R[] w KQkq - 0 4|rn1qkb1r/ppp1pppp/5n2/3p4/3P2bP/N6N/PPP1PPP1/R1BQKB1R[] b KQkq - 2 4	w	0
rn1qkbnr/ppp1pppp/8/3p1b2/4P3/2N5/PPPP1PPP/R1BQKBNR[] w KQkq - 1 3|rn1qkbnr/ppp1pppp/8/3p1b2/3P4/5P1P/PPP1P1P1/RNBQKBNR[] b KQkq - 0 3	w	0
r2qkbnr/pppn1ppp/4p3/3p1b2/PP1P4/2N2N2/2P1PPPP/R1BQKB1R[p] b KQkq - 0 5|r1b1k1nr/ppppqppp/2n5/4P3/1b2P3/2N2N2/PPP2PPP/R1BQKB1R[] w KQkq - 3 6	b	0
rnb1kb1r/pppp1ppp/8/4p1P1/4n1P1/P7/1PPPPPB1/RNBQK1NR[] b KQkq - 2 5|rn1qkb1r/pbpp1pp1/4pn2/1p5p/6P1/4P2P/PPPPQP2/RNB1KBNR[q] w KQkq - 0 6	b	1
r1bqkbnr/ppp1pppp/8/3Pn3/4p3/2N5/PPP2PPP/R1BQKBNR[Q] w KQkq - 1 5|rnbqkb1r/ppp1pppp/4P3/3p3n/3PP3/8/PPP2PPP/RNB1KBNR[] b KQkq - 0 4	w	0
rnbqkb1r/ppp1pppp/3p1n2/8/3PP3/2N4N/PPP2P1P/R1BQKB1R[p] b KQkq - 3 5|rnbqkb1r/2p1pppp/7n/pp1P4/2BP4/5N2/PPP2PPP/RNBQK2R[P] w KQkq - 0 6	b	0
rnbqkbnr/p2pp3/1pp3pp/5p2/3P1B1P/2N2N2/PPP1PPP1/R2QKB1R[] w KQkq - 0 6|rnbqkb1r/ppppp1pp/5p1n/4P3/8/2P1Q3/PP1P1PPP/RNB1KBNR[] b KQ - 2 5	w	0
rnbqkbnr/p2p1ppp/1pp5/4B3/1P1P4/4p3/P1PNPPPP/R2QKBNR[] b KQkq - 0 5|rnbqk1nr/1ppp1ppp/p7/2b5/3QP3/5N2/PPP1PPPP/RNB1KB1R[p] w KQkq - 2 5	b	0
rnbqkbnr/1p1p1ppp/p3p3/2p5/3P4/6PP/PPP1PP2/RNBQKBNR[] w KQkq - 0 4|rnbqkb1r/ppp1pppp/5n2/3p4/4P1Q1/2N5/PPPP1PPP/R1B1KBNR[] b KQkq - 1 3	w	0
rnbqkb1r/pppppppp/8/8/3PP3/5N2/PPP2KPP/RNBQ1B1R[Bp] b kq - 0 4|rnb4r/ppppqkpp/5n2/2b1p3/4P1P1/5P2/PPPP2PP/RNBQK1NR[n] w KQ - 1 6	b	1
rnbqkbnr/ppp2ppp/4p3/8/4N3/8/PPPP1PPP/R1BQKBNR[p] w KQkq - 0 4|r1bqkbnr/1pp2ppp/2n1Q3/p2p4/3PP3/5N2/PPP2PPP/RNB1KB1R[Pp] b KQkq - 0 5	w	0
rnbqk2r/ppp2ppp/5n2/2bpp3/2P2PP1/7B/PP1PP2P/RNBQK1NR[] b KQkq - 0 5|rnbq1b1r/pppk1ppp/3pp3/3n2B1/3P4/4PN2/PPP2PPP/RN1QKB1R[] w KQ - 5 6	b	0
r1bq1b1r/pppppkpp/8/4n3/4P1n1/8/PPPP1P1P/RNBQKB1R[p] w KQ - 1 6|rnbqkbnr/1p3ppp/4p3/p1pP4/8/2N2N2/PPPPQPPP/R1B1KB1R[NPp] b KQkq - 1 5	w	1
rnb1kb1r/pppp1ppp/8/4p1P1/4n1P1/P7/1PPPPP2/RNBQKBNR[] w KQkq - 1 5|rn1qkb1r/pbppppp1/5n2/1p5p/6P1/4P2P/PPPPQP2/RNB1KBNR[q] b KQkq - 0 5	w	0
r1bqkbnr/1ppp1ppp/p1n5/4p3/7P/P1N2N2/1PPPPPP1/R1BQKB1R[bp] b KQkq - 1 4|rnb1k1nr/pppp1ppp/8/2q1P3/8/N4N2/PPP1PPPP/R1BQKB1R[] w KQkq - 1 5	b	0
r1bqkbnr/1ppp1ppp/p1n5/4p3/7P/P1N5/1PPPPPP1/R1BQKBNR[bp] w KQkq - 0 4|rnb1k1nr/ppppqppp/8/4P3/8/N4N2/PPP1PPPP/R1BQKB1R[] b KQkq - 0 4	w	1
r2qkbnr/ppp1pppp/2np4/5b2/8/4P1PP/PPPP1P1R/RNBQKBN1[pp] b Qkq - 2 4|r1bqkbnr/p2npppp/8/1BpP4/8/2N5/PPPP1PPP/R1BQK1NR[] w KQkq - 1 5	b	0
r2qkbnr/ppp2ppp/8/1N1pp3/3nP3/3B1N1b/PPPP1PPP/R1BQK2R[p] w KQkq - 2 6|rnbqk2r/pppp1pp1/5n2/2bPp2Q/8/P3P3/1PP2PPP/RNB1KBNR[] b KQkq - 0 5	w	0
rnbqk1nr/pppp1pb1/3p2pp/8/1P6/5N2/P1PPPPPP/R1BQKB1R[] b KQkq - 0 5|r1b1kbnr/ppp1pppp/2np4/5q2/3P4/2N2P1N/PPP1P1PP/R1BQKB1R[N] w KQkq - 1 5	b	0
r1bqkbnr/ppp2ppp/2n1p3/3p2N1/3P4/P7/1PP1PPPP/RNBQKB1R[] b KQkq - 0 4|r1b1kb1r/ppp1pppp/2n2n2/1N1pq3/3P4/P4N2/1PP1PPPP/R1BQKB1R[] w KQkq - 5 6	b	0
rnbqkb1r/ppp2ppp/3p1n2/4p3/3NP3/3P4/PPP2PPP/RNBQKB1R[] b KQkq - 1 4|r1bqkbnr/pppppp2/n5pp/8/3P4/2N2N2/PPP1PPPP/R1BQKB1R[] w KQkq - 1 4	b	0
rnbqkbnr/1p1p1ppp/p3p3/2p5/3P4/6PP/PPP1PPB1/RNBQK1NR[Q] b KQkq - 1 4|rnbqkb1r/ppp1pppp/8/3p4/4P1n1/2N5/PPPP1PPP/R1B1KBNR[] w KQkq - 0 4	b	1
